City_ID,City,Lat,Lng,Max Temp,Humidity,Cloudiness,Wind Speed,Country,Date
0,esperance,-33.8667,121.9,17.47,70,0,3.8,AU,1681339618
1,acapulco,16.8634,-99.8901,30.9,62,0,5.14,MX,1681339609
2,hilo,19.7297,-155.09,25.85,75,75,4.63,US,1681339620
3,fortuna,40.5982,-124.1573,11.19,61,11,4.92,US,1681339621
4,port alfred,-33.5906,26.891,18.86,63,100,3.55,ZA,1681339621
5,linqu,36.5156,118.5397,14.9,39,85,4.69,CN,1681339622
6,hobart,-42.8794,147.3294,14.03,94,75,0.0,AU,1681339623
7,albany,42.6001,-73.9662,24.23,65,2,3.55,US,1681339349
8,cape town,-33.9258,18.4232,17.99,74,0,2.06,ZA,1681339409
9,tabuk,17.4189,121.4443,24.46,91,99,1.22,PH,1681339625
10,ushuaia,-54.8,-68.3,3.81,65,75,7.72,AR,1681339626
11,lorengau,-2.0226,147.2712,28.79,74,96,4.39,PG,1681339626
12,castro,-24.7911,-50.0119,17.54,81,80,0.93,BR,1681339627
13,beba,22.4437,-79.7253,32.15,56,62,1.78,CU,1681339628
14,cape canaveral,28.4058,-80.6048,23.04,84,75,8.23,US,1681339629
15,rikitea,-23.1203,-134.9692,25.46,68,32,4.99,PF,1681339630
16,tera,14.0078,0.7531,31.76,12,9,4.49,NE,1681339630
17,kampot,10.6167,104.1833,28.03,85,95,1.44,KH,1681339631
18,vaini,-21.2,-175.2,29.09,74,75,5.14,TO,1681339632
19,neyshabur,36.2133,58.7958,21.5,17,37,4.81,IR,1681339633
20,lubbock,33.6001,-101.8338,28.14,24,20,8.75,US,1681339377
21,praya,14.9215,-23.5087,22.3,73,0,5.14,CV,1681339634
22,coquimbo,-29.9533,-71.3436,17.85,77,0,3.6,CL,1681339635
23,manokwari,-0.8667,134.0833,26.96,77,85,0.43,ID,1681339636
24,basco,20.4487,121.9702,25.51,85,100,10.57,PH,1681339637
25,labuhan,-6.8844,112.2051,25.7,87,100,3.08,ID,1681339637
26,kasongo,-4.45,26.6667,20.44,97,100,0.67,CD,1681339638
27,narsaq,60.9167,-46.05,3.12,82,72,1.81,GL,1681339640
28,cascais,38.6979,-9.4215,13.3,64,62,9.39,PT,1681339585
29,fairlie,55.756,-4.8556,5.78,87,100,2.05,GB,1681339641
30,new norfolk,-42.7826,147.0587,13.84,74,58,0.87,AU,1681339642
31,carlisle,40.2015,-77.1889,30.8,58,8,3.77,US,1681339639
32,barrow,71.2906,-156.7887,-21.99,77,0,5.14,US,1681339643
33,butaritari,3.0707,172.7902,27.39,74,61,2.56,KI,1681339644
34,busselton,-33.65,115.3333,19.14,70,85,8.6,AU,1681339645
35,saskylakh,71.9167,114.0833,-11.74,94,100,7.05,RU,1681339646
36,aguimes,27.9054,-15.4461,19.81,73,20,9.26,ES,1681339646
37,whitehorse,60.7161,-135.0538,2.43,41,100,5.66,CA,1681339647
38,arraial do cabo,-22.9661,-42.0278,23.98,83,75,5.14,BR,1681339573
39,jackson,42.4165,-122.8345,9.81,55,20,1.54,US,1681339562
40,karratha,-20.7377,116.8463,28.23,69,100,3.91,AU,1681339649
41,brookline,42.3318,-71.1212,22.31,31,75,5.66,US,1681339503
42,bredasdorp,-34.5322,20.0403,13.52,83,100,2.22,ZA,1681339651
43,copiapo,-27.3667,-70.3333,16.83,58,5,1.99,CL,1681339472
44,mahebourg,-20.4081,57.7,24.16,94,20,1.54,MU,1681339653
45,east london,-33.0153,27.9116,18.44,73,100,4.46,ZA,1681339653
46,mar del plata,-38.0023,-57.5575,13.01,76,20,4.12,AR,1681339411
47,dingle,10.9995,122.6711,25.5,74,65,1.59,PH,1681339655
48,apia,-13.8333,-171.7667,30.95,71,7,1.57,WS,1681339656
49,pradopolis,-21.3594,-48.0656,25.1,95,95,0.81,BR,1681339656
50,malibu,34.005,-118.8101,17.71,93,100,0.89,US,1681339522
51,shingu,33.7333,135.9833,14.49,51,0,1.77,JP,1681339658
52,thinadhoo,0.5333,72.9333,27.88,72,14,1.31,MV,1681339658
53,provideniya,64.3833,-173.3,-14.8,61,20,3.13,RU,1681339659
54,coihaique,-45.5752,-72.0662,11.34,53,0,3.6,CL,1681339660
55,smithers,54.7804,-127.1743,9.18,31,75,1.03,CA,1681339661
56,kholmogory,64.2229,41.656,-9.94,77,37,3.22,RU,1681339662
57,markha,62.1053,129.7269,-6.02,73,0,3.13,RU,1681339663
58,khatanga,71.9667,102.5,-15.34,70,57,9.71,RU,1681339663
59,florida,28.7505,-82.5001,22.99,67,100,6.17,US,1681339477
60,panuco,22.05,-98.1667,25.1,57,53,6.11,MX,1681339665
61,champerico,14.3,-91.9167,26.3,61,93,3.96,GT,1681339666
62,qaanaaq,77.484,-69.3632,-17.74,73,57,0.43,GL,1681339666
63,punta arenas,-53.15,-70.9167,6.06,65,0,0.0,CL,1681339631
64,mataura,-46.1927,168.8643,11.38,88,100,3.29,NZ,1681339668
65,geraldton,-28.7667,114.6,14.23,94,5,5.66,AU,1681339669
66,kampong chhnang,12.1667,104.55,25.77,80,48,3.33,KH,1681339670
67,kapaa,22.0752,-159.319,26.99,71,75,6.69,US,1681339464
68,aklavik,68.2191,-135.0107,-16.0,43,75,2.06,CA,1681339671
69,nemuro,43.3236,145.575,4.33,63,3,7.43,JP,1681339672
70,upernavik,72.7868,-56.1549,-11.23,90,62,2.03,GL,1681339413
71,carnarvon,-24.8667,113.6333,21.48,78,32,8.54,AU,1681339673
72,danjiangkou,32.5428,111.5086,17.79,85,43,1.34,CN,1681339674
73,sinnamary,5.3833,-52.95,25.63,86,76,4.1,GF,1681339674
74,souillac,-20.5167,57.5167,24.21,94,20,1.54,MU,1681339675
75,broome,42.2506,-75.833,25.21,29,0,8.75,US,1681339676
76,ilhabela,-23.7781,-45.3581,22.29,87,28,1.32,BR,1681339676
77,leshukonskoye,64.8989,45.7622,-14.43,82,24,3.48,RU,1681339677
78,fort myers beach,26.452,-81.9481,23.36,84,100,5.36,US,1681339678
79,avarua,-21.2078,-159.775,28.03,69,40,2.57,CK,1681339678
80,ancud,-41.8697,-73.8203,11.98,80,100,2.2,CL,1681339653
81,srednekolymsk,67.45,153.6833,-14.14,78,100,0.26,RU,1681339680
82,victoria,22.2855,114.1577,22.4,87,98,0.45,HK,1681339626
83,puerto ayora,-0.7393,-90.3518,31.98,79,86,2.68,EC,1681339681
84,nome,64.5011,-165.4064,-13.8,60,0,2.57,US,1681339022
85,moron,-34.6534,-58.6198,17.86,69,100,2.89,AR,1681339599
86,chokurdakh,70.6333,147.9167,-17.07,92,84,2.57,RU,1681339683
87,kilcormac,53.1742,-7.7256,6.15,74,89,6.63,IE,1681339684
88,dickinson,29.4608,-95.0513,22.19,69,75,7.72,US,1681339685
89,hastings,50.8552,0.5729,8.49,44,100,14.82,GB,1681339678
90,soe,-9.8607,124.284,20.73,88,52,1.23,ID,1681339686
91,nioro,13.35,-15.75,29.96,40,97,4.62,GM,1681339687
92,udachnyy,66.4167,112.4,-18.74,87,93,2.13,RU,1681339688
93,umm lajj,25.0213,37.2685,19.7,40,0,4.9,SA,1681339689
94,atuona,-9.8,-139.0333,27.15,67,95,4.37,PF,1681339611
95,kodinsk,58.6881,99.1844,-7.43,88,99,3.72,RU,1681339691
96,cherskiy,68.75,161.3,-19.25,91,100,2.06,RU,1681339692
97,olinda,-8.0089,-34.8553,27.85,74,40,4.12,BR,1681339198
98,kodiak,57.79,-152.4072,6.73,39,20,3.09,US,1681339694
99,bambous virieux,-20.3428,57.7575,24.14,94,20,1.54,MU,1681339694
100,aykhal,66.0,111.5,-20.28,86,63,2.63,RU,1681339695
101,atar,20.5169,-13.0499,26.24,53,72,1.88,MR,1681339696
102,westport,41.1415,-73.3579,28.75,26,0,5.66,US,1681339588
103,ribeira grande,38.5167,-28.7,17.1,93,72,2.24,PT,1681339697
104,bengkulu,-3.8004,102.2655,23.62,90,86,2.0,ID,1681339698
105,hailar,49.2,119.7,-0.98,48,1,2.19,CN,1681339699
106,dikson,73.5069,80.5464,-22.17,92,45,8.36,RU,1681339439
107,troitskoye,52.9821,84.6757,0.67,61,100,3.94,RU,1681339700
108,bluff,-46.6,168.3333,11.56,81,99,8.68,NZ,1681339701
109,hamilton,39.1834,-84.5333,25.97,34,0,5.66,US,1681339692
110,saint-philippe,-21.3585,55.7679,23.77,85,29,0.26,RE,1681339702
111,rovaniemi,66.5,25.7167,-1.33,69,0,3.09,FI,1681339703
112,hasaki,35.7333,140.8333,14.22,39,35,5.09,JP,1681339704
113,vila franca do campo,37.7167,-25.4333,15.23,82,98,1.66,PT,1681339705
114,pimentel,-6.8367,-79.9342,29.16,61,75,6.17,PE,1681339707
115,kenai,60.5544,-151.2583,5.05,71,0,9.77,US,1681339708
116,ilulissat,69.2167,-51.1,-4.99,93,100,1.54,GL,1681339709
117,san cosme y damian,-27.3167,-56.35,30.1,43,40,2.16,PY,1681339710
118,fredericton,45.9454,-66.6656,10.58,46,40,4.63,CA,1681339513
119,lagoa,39.05,-27.9833,15.28,89,62,4.12,PT,1681339711
120,wuwei,37.9281,102.6414,6.91,49,41,0.53,CN,1681339712
121,paso de carrasco,-34.8603,-56.0522,17.75,71,75,5.14,UY,1681339466
122,dunedin,-45.8742,170.5036,12.67,87,100,3.58,NZ,1681339527
123,kamenka,51.3223,42.7678,10.97,50,100,6.88,RU,1681339714
124,harbin,45.75,126.65,-0.03,35,0,1.52,CN,1681339714
125,ystad,55.4297,13.8204,7.41,81,100,7.53,SE,1681339716
126,turayf,31.6725,38.6637,8.14,76,20,4.12,SA,1681339716
127,khandyga,62.6667,135.6,-3.57,90,90,1.41,RU,1681339717
128,yellowknife,62.456,-114.3525,-1.71,69,75,4.12,CA,1681339718
129,cockburn town,21.4612,-71.1419,26.98,69,40,4.12,TC,1681339719
130,makakilo city,21.3469,-158.0858,27.18,60,20,6.69,US,1681339720
131,hithadhoo,-0.6,73.0833,28.1,70,13,1.77,MV,1681339721
132,gat,31.61,34.7642,12.38,100,8,5.06,IL,1681339722
133,norman wells,65.282,-126.8329,2.02,48,100,3.6,CA,1681339723
134,bethel,41.3712,-73.414,28.05,21,0,4.63,US,1681339471
135,nhulunbuy,-12.2333,136.7667,26.34,94,69,0.51,AU,1681339724
136,enshi,30.3,109.4833,17.67,90,86,0.55,CN,1681339725
137,pasighat,28.0667,95.3333,20.1,60,5,1.66,IN,1681339726
138,verkhoyansk,67.5447,133.385,-17.52,96,79,0.07,RU,1681339727
139,atasu,48.6814,71.6433,6.16,40,95,2.36,KZ,1681339728
140,lavrentiya,65.5833,-171.0,-13.86,79,74,1.79,RU,1681339729
141,jamestown,42.097,-79.2353,22.8,37,0,7.72,US,1681339730
142,vostok,46.4856,135.8833,-0.32,67,98,5.43,RU,1681339730
143,kavaratti,10.5669,72.642,28.48,75,11,3.24,IN,1681339731
144,ryomgard,56.3843,10.503,7.0,91,100,6.17,DK,1681339733
145,thompson,55.7435,-97.8558,-0.91,86,100,5.14,CA,1681339522
146,torbay,47.6666,-52.7314,1.43,89,100,4.63,CA,1681339736
147,xining,36.6167,101.7667,6.94,46,57,1.1,CN,1681339737
148,xingyi,24.1877,102.817,14.33,37,0,1.99,CN,1681339737
149,airai,-8.9266,125.4092,18.24,86,98,0.54,TL,1681339738
150,ridgecrest,35.6225,-117.6709,27.92,21,75,10.8,US,1681339739
151,tuktoyaktuk,69.4541,-133.0374,-19.0,71,40,6.69,CA,1681339740
152,pisco,-13.7,-76.2167,26.03,69,79,7.72,PE,1681339741
153,port elizabeth,-33.918,25.5701,14.5,82,0,1.03,ZA,1681339742
154,micheweni,-4.9667,39.8333,28.17,72,85,2.01,TZ,1681339742
155,biak,-0.9131,122.8766,25.69,81,81,0.36,ID,1681339743
156,sitka,57.0531,-135.33,3.94,81,100,5.14,US,1681339744
157,ginir,7.1333,40.7,14.78,84,100,1.49,ET,1681339745
158,kosonsoy,41.2561,71.5508,11.31,52,67,4.11,UZ,1681339746
159,lebu,-37.6167,-73.65,13.16,93,100,2.84,CL,1681339747
160,san quintin,30.4833,-115.95,16.23,70,95,6.39,MX,1681339572
161,longyearbyen,78.2186,15.6401,0.91,75,75,4.63,SJ,1681339749
162,kailua,21.4022,-157.7394,27.99,70,40,5.14,US,1681339750
163,kindu,-2.95,25.95,21.1,93,100,0.89,CD,1681339750
164,la rioja,42.25,-2.5,2.88,98,100,1.63,ES,1681339751
165,atambua,-9.1061,124.8925,24.48,87,90,0.44,ID,1681339752
166,alugan,12.2188,125.4808,25.68,87,86,2.01,PH,1681339754
167,karwar,14.8,74.1333,25.85,83,82,2.68,IN,1681339754
168,ambanja,-13.6833,48.45,25.47,85,42,2.85,MG,1681339755
169,santa maria,-29.6842,-53.8069,23.61,73,40,2.06,BR,1681339756
170,hermanus,-34.4187,19.2345,11.56,74,99,2.47,ZA,1681339758
171,ruhengeri,-1.4998,29.635,13.56,87,100,2.03,RW,1681339758
172,georgetown,5.4112,100.3354,27.96,94,20,1.03,MY,1681339560
173,cidreira,-30.1811,-50.2056,24.71,71,65,3.89,BR,1681339760
174,imperial beach,32.5839,-117.1131,18.04,84,100,5.14,US,1681339761
175,tessalit,20.1986,1.0114,29.48,9,100,0.28,ML,1681339761
176,nuuk,64.1835,-51.7216,-0.66,86,20,6.17,GL,1681339762
177,ordu,40.9086,37.6845,3.28,95,100,1.41,TR,1681339763
178,praia da vitoria,38.7333,-27.0667,16.53,88,20,3.4,PT,1681339763
179,yulara,-25.2406,130.9889,25.06,36,98,3.73,AU,1681339660
180,wairoa,-39.0333,177.3667,19.75,72,13,2.24,NZ,1681339765
181,merauke,-8.4667,140.3333,23.79,96,100,3.82,ID,1681339766
182,tezu,27.9167,96.1667,20.86,35,3,2.1,IN,1681339766
183,boende,-0.2167,20.8667,21.82,87,100,0.26,CD,1681339767
184,pauini,-7.7136,-66.9764,27.09,73,99,0.44,BR,1681339768
185,eyl,7.9803,49.8164,27.63,76,99,4.85,SO,1681339768
186,belem de sao francisco,-8.7539,-38.9658,28.29,38,31,7.6,BR,1681339769
187,padang,-0.9492,100.3543,24.03,91,99,1.13,ID,1681339770
188,sola,-13.8833,167.55,28.5,73,81,5.48,VU,1681339770
189,porto velho,-8.7619,-63.9039,27.03,78,75,1.03,BR,1681339110
190,leningradskiy,69.3833,178.4167,-17.1,89,98,2.42,RU,1681339772
191,bouza,14.4229,6.0428,27.47,13,21,4.25,NE,1681339773
192,rio bueno,-40.3167,-72.9667,19.08,66,86,1.69,CL,1681339773
193,mount gambier,-37.8333,140.7667,15.96,92,90,1.27,AU,1681339774
194,krasnoselkup,65.7,82.4667,-27.03,97,68,3.76,RU,1681339775
195,ploemeur,47.7333,-3.4333,10.46,79,40,5.66,FR,1681339775
196,evensk,61.95,159.2333,-10.4,64,1,1.62,RU,1681339776
197,san patricio,28.017,-97.5169,26.21,47,2,4.59,US,1681339777
198,santa cruz,-17.8,-63.1667,28.03,69,40,6.17,BO,1681339777
199,nalut,30.3333,10.85,17.71,16,0,2.77,LY,1681339778
200,wilmington,34.2257,-77.9447,22.95,32,0,2.24,US,1681339626
201,bonthe,7.5264,-12.505,26.9,83,26,4.49,SL,1681339779
202,ankang,32.68,109.0172,16.05,71,0,0.73,CN,1681339780
203,rosas,2.2609,-76.7399,17.7,89,78,0.26,CO,1681339781
204,huilong,31.8111,121.655,12.18,69,93,5.69,CN,1681339781
205,adre,13.4667,22.2,24.67,15,43,9.27,TD,1681339782
206,san cristobal,7.7669,-72.225,25.1,84,96,0.84,VE,1681339783
207,maniitsoq,65.4167,-52.9,-2.5,86,23,3.85,GL,1681339784
208,clyde river,70.4692,-68.5914,-13.87,78,100,12.86,CA,1681339784
209,sawtell,-30.3833,153.1,20.1,60,20,5.14,AU,1681339785
210,kisanga,-7.4362,37.7034,22.73,98,100,0.8,TZ,1681339786
211,gundlupet,11.8,76.6833,20.64,69,0,1.33,IN,1681339786
212,sivaki,52.6333,126.75,-1.76,62,100,4.64,RU,1681339648
213,bonnyville,54.2668,-110.735,7.89,64,5,5.36,CA,1681339527
214,nikolskoye,59.7035,30.7861,6.94,95,84,3.72,RU,1681339788
215,bonoua,5.2741,-3.595,27.79,92,39,1.04,CI,1681339789
216,avera,33.194,-82.5271,25.03,48,44,1.3,US,1681339790
217,saint-michel-des-saints,46.6834,-73.9159,4.51,96,96,0.45,CA,1681339790
218,sayyan,15.1718,44.3244,16.5,56,45,0.55,YE,1681339791
219,mpulungu,-8.7623,31.1141,21.71,84,100,1.5,ZM,1681339792
220,flin flon,54.7682,-101.865,7.91,46,40,4.12,CA,1681339792
221,saint-louis,16.3333,-15.0,28.8,48,61,3.89,SN,1681339793
222,quatre cocos,-20.2078,57.7625,24.49,83,53,2.63,MU,1681339794
223,boa vista,2.8197,-60.6733,32.99,46,40,3.09,BR,1681339157
224,codrington,-38.2667,141.9667,16.48,87,88,3.39,AU,1681339795
225,walvis bay,-22.9575,14.5053,15.76,74,0,1.86,NA,1681339543
226,menongue,-14.6585,17.691,18.09,80,92,1.54,AO,1681339796
227,veraval,20.9,70.3667,26.4,63,74,5.62,IN,1681339797
228,isangel,-19.55,169.2667,29.02,69,15,2.7,VU,1681339798
229,pucioasa,45.0833,25.4167,7.71,87,36,1.85,RO,1681339799
230,mercedes,-34.6515,-59.4307,15.48,60,100,2.32,AR,1681339644
231,naze,28.3667,129.4833,17.51,70,44,5.49,JP,1681339800
232,ust-maya,60.4167,134.5333,-5.3,76,76,2.53,RU,1681339801
233,vila do maio,15.1333,-23.2167,22.44,79,19,4.24,CV,1681339802
234,sabaudia,41.3003,13.0282,14.32,97,3,6.92,IT,1681339803
235,ola,59.5833,151.2833,-4.92,66,1,3.5,RU,1681339803
236,klaksvik,62.2266,-6.589,6.51,85,99,9.46,FO,1681339804
237,honiara,-9.4333,159.95,28.41,75,18,1.41,SB,1681339805
238,djambala,-2.5447,14.7533,19.31,91,91,1.45,CG,1681339806
239,hemnesberget,66.2333,13.6333,7.4,93,100,5.09,NO,1681339807
240,denpasar,-8.65,115.2167,25.81,94,75,1.03,ID,1681339527
241,vanavara,60.34,102.2797,-13.15,94,99,2.6,RU,1681339808
242,susurluk,39.9136,28.1578,9.91,91,33,2.13,TR,1681339809
243,salinopolis,-0.6136,-47.3561,26.05,88,95,3.37,BR,1681339810
244,alcoa,35.7895,-83.9738,26.05,31,20,2.06,US,1681339811
245,terra santa,-2.1042,-56.4869,25.28,90,77,1.21,BR,1681339812
246,sangar,63.9242,127.4739,-4.85,96,100,1.43,RU,1681339812
247,ust-kuyga,70.0167,135.6,-17.81,95,91,2.27,RU,1681339813
248,fairbanks,64.8378,-147.7164,-1.89,77,100,2.06,US,1681339814
249,high level,58.5169,-117.136,8.06,42,40,2.06,CA,1681339815
250,sindor,62.8629,51.8905,-13.31,85,73,4.71,RU,1681339815
251,knokke-heist,51.3333,3.3333,7.32,74,100,11.94,BE,1681339816
252,sisimiut,66.9395,-53.6735,-5.86,91,84,3.85,GL,1681339817
253,rawson,-43.3002,-65.1023,8.95,51,63,6.56,AR,1681339818
254,santiago del estero,-27.7951,-64.2615,23.96,66,62,4.67,AR,1681339819
255,cassilandia,-19.1133,-51.7342,22.61,85,100,0.76,BR,1681339820
256,luderitz,-26.6481,15.1594,14.44,72,70,3.68,NA,1681339821
257,vilyuysk,63.7553,121.6247,-9.71,94,96,1.41,RU,1681339822
258,salinas,36.6777,-121.6555,16.56,61,20,7.72,US,1681339823
259,hay river,60.8156,-115.7999,0.98,74,20,3.6,CA,1681339824
260,ntungamo,-0.8833,29.65,18.36,81,100,1.52,UG,1681339826
261,dukat,62.55,155.55,-12.01,61,17,0.84,RU,1681339826
262,luang prabang,19.8856,102.1347,22.98,41,38,0.49,LA,1681339828
263,khao yoi,13.2403,99.8243,26.55,64,92,1.66,TH,1681339829
264,rota,36.6224,-6.3586,18.45,72,0,6.17,ES,1681339831
265,port hedland,-20.3167,118.5667,28.03,74,100,4.12,AU,1681339831
266,korla,41.7597,86.1469,11.77,37,100,1.08,CN,1681339832
267,oistins,13.0667,-59.5333,26.05,73,40,6.17,BB,1681339833
268,kahului,20.8947,-156.47,29.01,58,20,9.77,US,1681339833
269,miles city,46.4083,-105.8406,15.54,26,0,5.66,US,1681339834
270,den chai,17.9837,100.0522,29.04,46,91,1.38,TH,1681339835
271,faanui,-16.4833,-151.75,28.2,67,33,3.99,PF,1681339836
272,bathsheba,13.2167,-59.5167,26.34,73,40,6.17,BB,1681339836
273,saint-georges,12.0564,-61.7485,26.82,78,20,8.23,GD,1681339837
274,westerland,54.9079,8.3033,7.01,93,100,2.06,DE,1681339838
275,bagdarin,54.4333,113.6,-4.41,78,78,1.87,RU,1681339838
276,ponta do sol,32.6667,-17.1,17.78,67,15,3.39,PT,1681339839
277,beloha,-25.1667,45.05,20.51,95,1,2.01,MG,1681339840
278,camacha,33.0833,-16.3333,15.68,67,20,3.6,PT,1681339841
279,baraboo,43.4711,-89.7443,30.19,26,0,5.14,US,1681339841
280,kohlu,29.8962,69.252,20.46,35,0,0.51,PK,1681339842
281,hambantota,6.1241,81.1185,25.67,87,95,3.44,LK,1681339843
282,hyeres,43.1167,6.1167,13.74,64,0,3.6,FR,1681339843
283,keuruu,62.2667,24.7,6.1,94,97,4.62,FI,1681339844
284,saint-joseph,-21.3667,55.6167,23.59,85,16,0.38,RE,1681339845
285,zarubino,42.63,131.0922,5.42,47,49,1.1,RU,1681339846
286,zeya,53.75,127.2667,-1.31,74,100,1.78,RU,1681339847
287,moyale,3.5167,39.0584,19.82,77,100,1.71,KE,1681339848
288,pangody,65.85,74.4859,-27.78,99,54,3.79,RU,1681339849
289,nara,34.6851,135.8049,9.98,67,0,0.69,JP,1681339599
290,uzunovo,54.5386,38.6173,8.43,59,100,3.65,RU,1681339850
291,chumikan,54.7183,135.315,-4.41,88,100,9.15,RU,1681339851
292,rundu,-17.9333,19.7667,21.34,45,55,1.83,NA,1681339852
293,coruripe,-10.1256,-36.1756,25.05,78,34,3.3,BR,1681339808
294,saint george,37.1041,-113.5841,26.91,16,0,8.75,US,1681339853
295,baiyin,36.5583,104.2081,10.17,27,99,8.7,CN,1681339854
296,synya,65.3718,58.0387,-21.42,91,8,5.07,RU,1681339855
297,novosergiyevka,52.0934,53.6528,8.78,54,88,4.77,RU,1681339855
298,anshun,26.25,105.9333,15.88,96,66,3.39,CN,1681339856
299,daru,-9.0763,143.2092,25.83,88,88,4.49,PG,1681339857
300,sauce,-34.6469,-56.0628,17.46,68,100,5.43,UY,1681339857
301,orimattila,60.8049,25.7296,6.88,93,100,3.88,FI,1681339858
302,urdoma,61.7533,48.5442,-4.02,91,100,4.97,RU,1681339859
303,kuytun,54.3419,101.5036,-6.57,75,69,2.15,RU,1681339859
304,amapa,1.0,-52.0,23.2,97,82,1.06,BR,1681339820
305,lata,40.1629,-8.3327,12.67,77,24,1.49,PT,1681339861
306,shaowu,27.3409,117.4831,18.54,96,31,1.85,CN,1681339861
307,kabalo,-6.05,26.9167,21.4,97,100,1.33,CD,1681339862
308,saldanha,-33.0117,17.9442,15.03,79,100,1.97,ZA,1681339863
309,mezhdurechenskiy,59.6,65.9333,1.27,87,98,3.35,RU,1681339863
310,acatlan,20.15,-98.45,16.59,67,26,3.73,MX,1681339865
311,touros,-5.1989,-35.4608,25.68,89,90,6.56,BR,1681339866
312,ekhabi,53.5102,142.9671,-2.82,95,100,10.94,RU,1681339866
313,salalah,17.0151,54.0924,24.3,96,37,6.66,OM,1681339867
314,huarmey,-10.0681,-78.1522,24.96,79,95,4.81,PE,1681339868
315,sabha,27.0377,14.4283,16.57,15,0,4.58,LY,1681339869
316,cardston,49.2,-113.3019,6.16,26,16,2.57,CA,1681339869
317,tasiilaq,65.6145,-37.6368,2.09,94,98,2.51,GL,1681339870
318,willmar,45.1219,-95.0433,26.01,55,0,6.69,US,1681339871
319,beringovskiy,63.05,179.3167,-17.92,88,80,6.14,RU,1681339872
320,alyangula,-13.8483,136.4192,28.5,76,87,3.25,AU,1681339872
321,ormara,25.2088,64.6357,25.7,73,46,7.16,PK,1681339873
322,tingo maria,-9.2895,-76.0088,22.78,95,95,0.79,PE,1681339875
323,santa rosa,14.3122,121.1114,25.61,95,100,3.78,PH,1681339875
324,svetlyy,54.675,20.1347,4.03,93,51,3.3,RU,1681339876
325,starosubkhangulovo,53.1031,57.4423,0.76,91,87,0.97,RU,1681339877
326,dundee,56.5,-2.9667,5.33,98,100,2.06,GB,1681339878
327,sundargarh,22.1167,84.0333,25.25,19,0,0.5,IN,1681339878
328,odienne,9.51,-7.5692,28.12,33,60,1.8,CI,1681339879
329,benghazi,32.1167,20.0667,16.09,73,1,3.99,LY,1681339880
330,henties bay,-22.116,14.2845,15.11,82,0,1.87,NA,1681339881
331,shirokiy,49.758,129.523,-1.4,69,100,5.84,RU,1681339882
332,kavieng,-2.5744,150.7967,26.84,81,100,4.98,PG,1681339883
333,tiksi,71.6872,128.8694,-23.39,100,94,1.74,RU,1681339883
334,haldensleben,52.2891,11.4098,8.23,95,76,3.22,DE,1681339884
335,road town,18.4167,-64.6167,27.05,65,20,3.09,VG,1681339382
336,grand gaube,-20.0064,57.6608,24.65,88,45,3.07,MU,1681339885
337,awbari,26.5921,12.7805,16.93,16,0,4.32,LY,1681339886
338,iqaluit,63.7506,-68.5145,-7.15,73,75,3.09,CA,1681339887
339,tiznit,29.5833,-9.5,21.27,26,0,1.33,MA,1681339888
340,kieta,-6.2167,155.6333,27.01,77,98,0.46,PG,1681339888
341,sale,34.0389,-6.8166,17.08,72,75,0.0,MA,1681339889
342,mackay,-21.15,149.2,29.82,83,67,4.1,AU,1681339890
343,husavik,66.0449,-17.3389,1.93,79,100,3.01,IS,1681339891
344,vorozhba,51.1733,34.2192,9.25,71,100,5.89,UA,1681339892
345,mahibadhoo,3.7833,72.9667,28.67,72,17,2.95,MV,1681339892
346,gamba,-2.65,10.0,25.55,86,74,0.89,GA,1681339893
347,usogorsk,63.4106,48.6872,-11.79,79,80,4.3,RU,1681339894
348,kudahuvadhoo,2.6708,72.8944,28.14,75,18,3.19,MV,1681339895
349,yinchuan,38.4681,106.2731,13.44,29,79,0.68,CN,1681339895
350,sur,22.5667,59.5289,28.11,66,32,1.09,OM,1681339896
351,bilibino,68.0546,166.4372,-18.51,88,70,0.84,RU,1681339897
352,plettenberg bay,-34.0527,23.3716,15.29,54,100,1.42,ZA,1681339897
353,aleppo,36.25,37.5,10.06,84,100,6.72,SY,1681339898
354,savannakhet,16.566,104.751,29.18,58,87,2.63,LA,1681339899
355,buala,-8.145,159.5921,24.92,91,99,2.57,SB,1681339899
356,aiquile,-18.2041,-65.1807,16.63,74,60,2.34,BO,1681339900
357,kaeo,-35.1,173.7833,18.51,98,38,3.16,NZ,1681339901
358,anchorage,61.2181,-149.9003,5.23,63,100,4.63,US,1681339800
359,willowmore,-33.2926,23.4895,16.81,28,100,0.72,ZA,1681339902
360,enid,36.3956,-97.8784,27.09,28,0,10.8,US,1681339749
361,luau,-10.7073,22.2247,17.24,97,82,0.96,AO,1681339904
362,abu samrah,35.3029,37.1841,9.37,83,87,8.72,SY,1681339904
363,zhezkazgan,47.8043,67.7144,9.52,40,100,2.86,KZ,1681339905
364,fonseca,10.8861,-72.8487,26.58,78,100,1.98,CO,1681339906
365,talnakh,69.4865,88.3972,-25.1,98,100,2.48,RU,1681339906
366,mangit,40.5971,70.9607,16.65,59,54,1.22,UZ,1681339907
367,tigil,57.8,158.6667,-9.6,86,46,2.09,RU,1681339908
368,cabo san lucas,22.8909,-109.9124,28.12,46,84,7.55,MX,1681339749
369,barentu,15.1139,37.5928,22.98,72,67,2.97,ER,1681339909
370,chimoio,-19.1164,33.4833,16.61,97,33,0.63,MZ,1681339910
371,altay,47.8667,88.1167,-4.88,61,8,3.0,CN,1681339910
372,port lincoln,-34.7333,135.8667,15.17,70,9,1.84,AU,1681339911
373,tabas,33.5959,56.9244,24.62,18,49,4.3,IR,1681339912
374,severo-kurilsk,50.6789,156.125,-0.1,94,100,14.52,RU,1681339913
375,olafsvik,64.8945,-23.7142,3.41,74,100,3.36,IS,1681339913
376,laguna,38.421,-121.4238,19.16,48,20,3.6,US,1681339914
377,mogzon,51.7435,111.9606,-2.97,88,95,1.45,RU,1681339915
378,north bend,43.4065,-124.2243,11.8,70,75,4.12,US,1681339915
379,maceio,-9.6658,-35.7353,27.69,78,20,2.57,BR,1681339911
380,talitsy,56.5289,42.3344,7.6,63,96,1.21,RU,1681339917
381,port hardy,50.6996,-127.4199,8.1,71,75,4.63,CA,1681339917
382,sao joao da barra,-21.6403,-41.0511,24.05,81,100,5.06,BR,1681339918
383,vila velha,-20.3297,-40.2925,24.97,87,20,0.51,BR,1681339919
384,rocha,-34.4833,-54.3333,15.91,73,100,6.07,UY,1681339919
385,haines junction,60.7522,-137.5108,1.97,44,100,3.09,CA,1681339920
386,helong,42.5397,128.9972,9.27,28,40,5.99,CN,1681339921
387,nantucket,41.2835,-70.0995,21.08,51,0,4.63,US,1681339921
388,sibolga,1.7427,98.7792,24.81,88,100,1.21,ID,1681339922
389,namatanai,-3.6667,152.4333,25.83,86,100,4.46,PG,1681339923
390,kruisfontein,-34.0033,24.7314,13.27,50,100,2.92,ZA,1681339923
391,te anau,-45.4167,167.7167,11.46,92,99,1.8,NZ,1681339812
392,dali,25.7,100.1833,10.61,51,25,2.2,CN,1681339925
393,cumberland,35.0502,-78.8664,27.28,21,0,4.12,US,1681339925
394,kurilsk,45.2333,147.8833,3.64,56,80,3.24,RU,1681339926
395,inirida,3.8653,-67.9239,23.29,96,100,0.46,CO,1681339927
396,carballo,43.213,-8.691,8.83,87,23,1.66,ES,1681339927
397,ulladulla,-35.35,150.4667,16.4,79,98,6.06,AU,1681339928
398,puerto baquerizo moreno,-0.9,-89.6,29.55,74,75,3.09,EC,1681339929
399,kodinar,20.7903,70.7031,27.13,46,80,3.83,IN,1681339930
400,klyuchi,52.2667,79.1667,3.17,49,100,6.29,RU,1681339930
401,pacific grove,36.6177,-121.9166,16.6,68,40,7.72,US,1681339695
402,kualakapuas,-3.0091,114.3876,23.96,96,61,0.71,ID,1681339932
403,skibbereen,51.55,-9.2667,7.84,66,11,7.32,IE,1681339932
404,ambilobe,-13.2,49.05,24.07,88,88,0.74,MG,1681339933
405,morondava,-20.2833,44.2833,25.71,80,100,3.03,MG,1681339934
406,sarkand,45.41,79.9186,5.45,43,3,3.34,KZ,1681339935
407,ternate,0.8,127.4,27.5,81,92,2.41,ID,1681339937
408,riyadh,24.6877,46.7219,20.08,65,100,4.79,SA,1681339802
409,roma,43.2128,-75.4557,24.08,33,0,9.26,US,1681339939
410,comodoro rivadavia,-45.8667,-67.5,7.92,42,0,0.51,AR,1681339939
411,pevek,69.7008,170.3133,-19.44,89,87,1.72,RU,1681339940
412,alamosa,37.4695,-105.87,21.99,13,20,10.29,US,1681339941
413,estrela,-28.0611,-50.9383,17.06,69,29,0.84,BR,1681339942
414,eureka,40.8021,-124.1637,12.64,64,7,4.92,US,1681339942
415,zhigansk,66.7697,123.3711,-17.93,97,99,2.13,RU,1681339943
416,kingman,35.1894,-114.053,28.44,15,0,9.26,US,1681339944
417,richards bay,-28.783,32.0377,20.61,80,100,4.28,ZA,1681339944
418,terre-de-bas,15.8501,-61.6442,25.88,74,23,5.94,GP,1681339945
419,dudinka,69.4058,86.1778,-24.51,98,100,3.56,RU,1681339946
420,kumylzhenskaya,49.8809,42.5898,13.32,61,88,7.25,RU,1681339947
421,farafangana,-22.8167,47.8333,22.62,92,98,2.24,MG,1681339948
422,kidal,18.4411,1.4078,29.05,14,97,1.12,ML,1681339949
423,tazovskiy,67.4667,78.7,-18.8,96,99,6.29,RU,1681339950
424,rosport,49.7978,6.5042,6.58,90,65,7.51,LU,1681339951
425,semporna,4.4818,118.6112,26.11,86,44,1.94,MY,1681339952
426,sergeyevka,53.88,67.4158,4.09,64,1,3.51,KZ,1681339952
427,khani,41.9563,42.9566,5.76,99,100,1.71,GE,1681339953
428,bud,39.447,-86.1758,26.97,56,5,3.86,US,1681339954
429,okhotsk,59.3833,143.3,-8.14,89,72,2.59,RU,1681339955
430,corpus christi,27.8006,-97.3964,25.13,72,20,6.17,US,1681339669
431,shenjiamen,29.9576,122.298,13.49,81,31,4.78,CN,1681339956
432,kaitangata,-46.2817,169.8464,11.41,92,100,4.87,NZ,1681339957
433,kaura namoda,12.5898,6.5779,28.54,14,22,4.18,NG,1681339957
434,ucluelet,48.9329,-125.5528,11.72,75,3,1.79,CA,1681339958
435,puerto colombia,10.9878,-74.9547,28.05,85,100,10.38,CO,1681339959
436,constantine,36.365,6.6147,15.67,47,0,1.54,DZ,1681339960
437,poum,-20.2333,164.0167,26.28,76,6,2.63,NC,1681339960
438,umea,63.8284,20.2597,2.96,70,0,3.09,SE,1681339961
439,tonantins,-2.8731,-67.8022,25.73,88,93,0.4,BR,1681339962
440,jining,35.405,116.5814,12.52,56,4,3.52,CN,1681339718
441,plouzane,48.3833,-4.6167,9.03,66,75,9.26,FR,1681339964
442,sarh,9.1429,18.3923,29.95,51,0,1.03,TD,1681339964
443,nanortalik,60.1432,-45.2371,0.41,90,100,0.71,GL,1681339965
444,pandamatenga,-18.5278,25.627,18.55,47,0,0.99,BW,1681339966
445,ostrovnoy,68.0531,39.5131,-9.9,84,100,1.66,RU,1681339967
446,nelson bay,-32.7167,152.15,18.33,96,81,4.47,AU,1681339967
447,saint-pierre,-21.3393,55.4781,24.2,78,0,3.09,RE,1681339968
448,teya,60.3778,92.6267,-2.7,92,100,6.21,RU,1681339969
449,ngunguru,-35.6167,174.5,20.31,71,45,2.69,NZ,1681339969
450,maragogi,-9.0122,-35.2225,25.49,85,89,3.45,BR,1681339970
451,hualmay,-11.0964,-77.6139,24.5,78,91,4.66,PE,1681339972
452,xingcheng,40.6167,120.7167,10.98,64,98,6.92,CN,1681339972
453,jiayuguan,39.8167,98.3,6.81,49,100,2.9,CN,1681339973
454,porto belo,-27.1578,-48.5531,24.53,90,2,3.45,BR,1681339974
455,port macquarie,-31.4333,152.9167,17.12,82,37,5.37,AU,1681339974
456,ferrol,43.4832,-8.2369,10.93,82,25,6.44,ES,1681339905
457,constitucion,-35.3333,-72.4167,12.4,94,72,2.47,CL,1681339976
458,bilma,18.6853,12.9164,23.65,10,52,3.9,NE,1681339977
459,monte patria,-30.6919,-70.9467,22.1,48,58,2.11,CL,1681339978
460,gizo,-8.103,156.8419,26.72,79,96,1.08,SB,1681339978
461,springbok,-29.6643,17.8865,11.7,38,63,1.5,ZA,1681339979
462,puerto narino,-3.7703,-70.3831,24.73,94,64,1.35,CO,1681339980
463,san vicente,-26.6167,-54.1333,20.48,58,1,0.81,AR,1681339981
464,sangin,32.0728,64.8359,23.35,15,1,2.51,AF,1681339981
465,sao jose da coroa grande,-8.8978,-35.1478,25.75,85,83,3.47,BR,1681339934
466,kibala,9.1104,18.3463,29.97,51,0,1.03,TD,1681339983
467,kokopo,-4.352,152.2633,26.05,87,100,5.6,PG,1681339984
468,grindavik,63.8424,-22.4338,2.26,80,0,3.6,IS,1681339985
469,kurumkan,54.3,110.3,-2.07,74,100,1.05,RU,1681339985
470,dubbo,-32.25,148.6167,17.07,72,75,4.63,AU,1681339986
471,taitung,22.7583,121.1444,22.15,83,20,2.57,TW,1681339987
472,yumen,40.2833,97.2,7.16,39,100,7.21,CN,1681339988
473,santa helena de goias,-17.8136,-50.5969,24.31,72,77,0.8,BR,1681339988
474,guerrero negro,27.9769,-114.0611,17.07,66,99,8.62,MX,1681339990
475,katsuura,35.1333,140.3,14.03,58,89,7.02,JP,1681339990
476,hellvik,59.9156,5.781,8.33,76,100,2.17,NO,1681339991
477,pemangkat,1.1667,108.9667,24.43,89,99,0.95,ID,1681339992
478,devils lake,48.1128,-98.8651,6.06,75,0,5.14,US,1681339992
479,jalu,29.0331,21.5482,15.98,35,0,2.19,LY,1681339994
480,arona,28.0996,-16.681,18.28,80,0,9.26,ES,1681339994
481,yuncheng,35.0231,110.9928,16.25,73,99,0.99,CN,1681339996
482,samarai,-10.6167,150.6667,28.54,74,67,1.75,PG,1681339996
483,arrecife,28.963,-13.5477,18.99,72,0,10.29,ES,1681339998
484,half moon bay,37.4636,-122.4286,16.77,58,0,10.29,US,1681339998
485,yar-sale,66.8333,70.8333,-23.37,97,34,5.31,RU,1681339999
486,great yarmouth,52.6083,1.7305,5.28,88,49,7.95,GB,1681340000
487,vao,-22.6667,167.4833,24.98,75,100,0.83,NC,1681340000
488,birao,10.2849,22.7882,28.39,39,75,1.56,CF,1681340001
489,petropavlovsk-kamchatskiy,53.0452,158.6483,0.33,75,75,5.0,RU,1681340002
490,utraula,27.3167,82.4167,25.58,21,1,4.06,IN,1681340003
491,deputatskiy,69.3,139.9,-18.16,83,10,0.62,RU,1681340004
492,boyolangu,-8.1181,111.8935,24.21,94,100,1.2,ID,1681340005
493,bhandara,21.1667,79.65,29.93,24,12,0.84,IN,1681340006
494,chatra,24.2167,84.8667,24.01,21,0,2.66,IN,1681340007
495,new waterford,40.8451,-80.6145,25.14,59,2,4.22,US,1681340008
496,caldwell,43.6629,-116.6874,11.16,34,20,6.69,US,1681340008
497,mangan,27.5167,88.5333,17.97,45,1,3.26,IN,1681340009
498,la ronge,55.1001,-105.2842,9.14,25,40,6.17,CA,1681340010
499,polunochnoye,60.8697,60.4153,-8.22,90,100,5.06,RU,1681340011
500,umm kaddadah,13.6017,26.6876,23.17,18,5,10.0,SD,1681340011
501,acarau,-2.8856,-40.12,28.3,71,93,6.87,BR,1681339871
502,mount isa,-20.7333,139.5,26.87,34,97,5.14,AU,1681340013
503,kloulklubed,7.0419,134.2556,25.28,75,26,4.17,PW,1681340014
504,paamiut,61.994,-49.6678,-0.02,72,11,2.73,GL,1681340015
505,meridian,43.6121,-116.3915,10.7,35,40,6.69,US,1681339851
506,knysna,-34.0363,23.0471,16.29,63,100,1.74,ZA,1681340016
507,bella vista,36.4295,-94.2316,24.6,32,0,3.09,US,1681339995
508,cortez,37.3489,-108.5859,21.42,26,75,4.12,US,1681340018
509,powell river,49.8496,-124.5361,11.8,50,20,5.14,CA,1681339847
510,bitadton,11.4969,122.0851,23.99,78,99,2.77,PH,1681340020
511,sorland,67.667,12.6934,5.92,83,100,7.91,NO,1681340020
512,rosita,13.9268,-84.4032,30.71,45,50,3.37,NI,1681340021
513,vestmannaeyjar,63.4427,-20.2734,5.69,67,99,2.67,IS,1681340022
514,port keats,-14.25,129.55,26.16,88,100,2.58,AU,1681340023
515,dongsheng,39.8161,109.9776,8.74,40,85,7.34,CN,1681340024
516,lazaro cardenas,17.9583,-102.2,28.64,53,55,4.84,MX,1681340024
517,malm,64.0721,11.2172,8.21,86,99,6.61,NO,1681340025
518,puerto padre,21.195,-76.6028,25.1,80,83,3.71,CU,1681340026
519,waingapu,-9.6567,120.2641,26.14,87,66,2.57,ID,1681340027
520,lively,46.4334,-81.1498,17.51,73,13,3.84,CA,1681340027
521,ambulu,-8.345,113.6058,24.77,92,99,1.18,ID,1681340028
522,yining,29.0361,114.5636,20.12,92,23,0.88,CN,1681340029
523,puerto madryn,-42.7692,-65.0385,9.26,49,26,6.0,AR,1681339823
524,saint-augustin,51.226,-58.6502,1.91,93,100,1.67,CA,1681340030
525,sherlovaya gora,50.5667,116.25,-4.31,57,57,0.65,RU,1681340031
526,sete lagoas,-19.4658,-44.2467,21.6,91,100,1.68,BR,1681339504
527,hovd,48.0056,91.6419,-6.3,73,33,1.85,MN,1681340033
528,baker city,44.7749,-117.8344,4.22,60,100,7.2,US,1681340034
529,maumere,-8.6199,122.2111,27.03,83,93,3.13,ID,1681340034
530,chuy,-33.6971,-53.4616,17.27,83,93,4.83,UY,1681339872
531,solnechnyy,50.7214,136.6319,-4.14,90,100,5.68,RU,1681340036
532,meulaboh,4.1363,96.1285,24.8,88,83,1.89,ID,1681340037
533,newala,-10.9431,39.2787,18.61,99,96,1.48,TZ,1681340038
534,hofn,64.2539,-15.2082,3.43,83,36,4.98,IS,1681340038
535,itarema,-2.9248,-39.9167,25.35,82,81,4.24,BR,1681340039
536,bada,51.392,109.8717,-2.12,91,100,2.34,RU,1681340040
537,san pedro,14.35,121.0167,25.2,94,75,2.06,PH,1681340040
538,ios,36.7333,25.2833,15.03,65,2,2.68,GR,1681340042
539,bonavista,48.6499,-53.1147,0.23,91,100,4.82,CA,1681339794
540,bang saphan,11.2126,99.5117,24.13,92,92,2.36,TH,1681340043
541,mlimba,-8.8,35.8167,21.99,97,96,0.49,TZ,1681340044
542,lebrija,36.9208,-6.0753,18.29,63,0,4.63,ES,1681340045
543,kashi,39.4547,75.9797,13.56,33,0,2.0,CN,1681340046
544,tual,-5.6667,132.75,28.49,74,68,3.76,ID,1681340046
545,onalaska,43.8844,-91.2351,31.92,23,0,9.77,US,1681340047
546,talara,-4.5772,-81.2719,28.42,74,75,3.09,PE,1681340048
547,matara,5.9485,80.5353,24.93,90,95,2.86,LK,1681340048
548,stabat,3.761,98.4513,26.11,96,60,1.12,ID,1681340051
549,doka,13.5167,35.7667,30.15,14,58,8.48,SD,1681340052
550,sao filipe,14.8961,-24.4956,22.53,77,36,2.43,CV,1681340053
551,pitimbu,-7.4706,-34.8086,26.33,82,54,5.36,BR,1681340053
552,puerto escondido,15.85,-97.0667,29.86,59,10,2.65,MX,1681340054
553,caravelas,-17.7125,-39.2481,24.2,89,37,2.07,BR,1681340055
554,wagga wagga,-35.1167,147.3667,11.58,72,11,1.28,AU,1681340055
555,oussouye,12.485,-16.5469,26.1,68,92,4.18,SN,1681340056
556,anadyr,64.75,177.4833,-20.72,71,0,5.0,RU,1681340058
557,santa marta,11.2408,-74.199,32.03,69,75,8.05,CO,1681339880
558,lompoc,34.6391,-120.4579,19.27,73,75,11.32,US,1681340059
559,sisophon,13.5859,102.9737,27.37,78,78,2.17,KH,1681340060
560,launceston,-41.45,147.1667,15.08,81,40,6.17,AU,1681339793
561,paita,-5.0892,-81.1144,27.41,74,80,3.7,PE,1681340061
562,lahaina,20.8783,-156.6825,29.0,73,60,5.24,US,1681339838
563,chengde,40.9725,117.9361,10.41,38,25,0.44,CN,1681340062
564,alta floresta,-9.8756,-56.0861,25.9,94,75,0.51,BR,1681340063
